HAGA Chad,{2},4.5744194984436035,-22.676254272460938,giro-d-italia,2019
CAMPENAERTS Victor,{2},4.650424957275391,-23.64976692199707,giro-d-italia,2019
DE GENDT Thomas,{0},-10.31829833984375,9.392398834228516,giro-d-italia,2019
CARUSO Damiano,{0},-11.896129608154297,35.416656494140625,giro-d-italia,2019
LUDVIGSSON Tobias,{2},1.360321044921875,-19.045791625976562,giro-d-italia,2019
ČERNÝ Josef,{2},1.8239346742630005,-35.16912078857422,giro-d-italia,2019
BILBAO Pello,{0},-9.310128211975098,24.279020309448242,giro-d-italia,2019
CATTANEO Mattia,{0},-10.213339805603027,27.793718338012695,giro-d-italia,2019
NIBALI Vincenzo,{0},4.152966022491455,43.14616394042969,giro-d-italia,2019
ROGLIČ Primož,{0},4.602356910705566,42.165531158447266,giro-d-italia,2019
DURBRIDGE Luke,{5},-14.559443473815918,-9.321646690368652,giro-d-italia,2019
BOHLI Tom,{2},8.889415740966797,-40.751502990722656,giro-d-italia,2019
ZAKARIN Ilnur,{0},6.117094039916992,39.301170349121094,giro-d-italia,2019
POLANC Jan,{0},-4.397202968597412,30.929298400878906,giro-d-italia,2019
MAJKA Rafał,{0},2.9683241844177246,40.35850524902344,giro-d-italia,2019
VAN EMDEN Jos,{2},11.140777587890625,-30.490182876586914,giro-d-italia,2019
JUNGELS Bob,{0},-14.925939559936523,8.581588745117188,giro-d-italia,2019
BAUER Jack,{2},7.354866981506348,-27.50445556640625,giro-d-italia,2019
AMADOR Andrey,{5},-18.41266632080078,4.713212490081787,giro-d-italia,2019
SIVAKOV Pavel,{0},1.556287169456482,40.280391693115234,giro-d-italia,2019
LANDA Mikel,{0},2.7363498210906982,44.421566009521484,giro-d-italia,2019
FORMOLO Davide,{0},-5.883968353271484,30.99342155456543,giro-d-italia,2019
CATALDO Dario,{5},-22.306520462036133,3.1312618255615234,giro-d-italia,2019
YATES Simon,{0},0.21000497043132782,40.76579666137695,giro-d-italia,2019
BOUWMAN Koen,{0},-11.957355499267578,18.72991371154785,giro-d-italia,2019
MOLLEMA Bauke,{0},5.1973772048950195,40.77153015136719,giro-d-italia,2019
SÜTTERLIN Jasha,{2},14.459501266479492,-40.0739631652832,giro-d-italia,2019
ULISSI Diego,{0},-12.474367141723633,21.968902587890625,giro-d-italia,2019
DE LA PARTE Víctor,{0},-7.1669182777404785,30.742795944213867,giro-d-italia,2019
MCCARTHY Jay,{5},-21.518075942993164,-3.100125789642334,giro-d-italia,2019
GRADEK Kamil,{2},7.102680206298828,-38.329158782958984,giro-d-italia,2019
MAS Lluís,{2},16.413103103637695,-42.989967346191406,giro-d-italia,2019
DÉMARE Arnaud,{2},21.286582946777344,-48.61857986450195,giro-d-italia,2019
ANTUNES Amaro,{5},-12.428140640258789,-4.254587650299072,giro-d-italia,2019
HAMILTON Lucas,{0},-9.916013717651367,19.437562942504883,giro-d-italia,2019
CARAPAZ Richard,{0},3.7657430171966553,44.96502685546875,giro-d-italia,2019
DOMBROWSKI Joe,{0},0.3612903356552124,37.358306884765625,giro-d-italia,2019
GOGL Michael,{2},21.856151580810547,-11.65921688079834,giro-d-italia,2019
HINDLEY Jai,{0},-10.897289276123047,23.695789337158203,giro-d-italia,2019
DAVIES Scott,{2},5.646646976470947,-28.12982749938965,giro-d-italia,2019
SCOTSON Miles,{2},11.029867172241211,-43.92470932006836,giro-d-italia,2019
NEILANDS Krists,{2},24.091856002807617,-10.606879234313965,giro-d-italia,2019
LÓPEZ Miguel Ángel,{0},-0.7138936519622803,40.06361389160156,giro-d-italia,2019
O'CONNOR Ben,{0},-12.520369529724121,17.714746475219727,giro-d-italia,2019
KANGERT Tanel,{0},8.11254596710205,34.142147064208984,giro-d-italia,2019
VENTOSO Francisco José,{2},0.4472223222255707,-17.290143966674805,giro-d-italia,2019
IZAGIRRE Ion,{0},-8.239827156066895,25.960569381713867,giro-d-italia,2019
HONORÉ Mikkel Frølich,{2},4.475203990936279,-29.052614212036133,giro-d-italia,2019
VUILLERMOZ Alexis,{0},-15.83686351776123,9.946760177612305,giro-d-italia,2019
POZZOVIVO Domenico,{0},-4.54362154006958,40.68666458129883,giro-d-italia,2019
ZEITS Andrey,{0},-9.925844192504883,29.700149536132812,giro-d-italia,2019
NIEVE Mikel,{0},8.51353645324707,34.66240310668945,giro-d-italia,2019
GHEBREIGZABHIER Amanuel,{0},-12.526620864868164,31.35761070251465,giro-d-italia,2019
PLAZA Rubén,{5},-12.74698257446289,-5.1549906730651855,giro-d-italia,2019
SABATINI Fabio,{2},4.228005886077881,-20.908462524414062,giro-d-italia,2019
JUUL-JENSEN Christopher,{5},-6.130826950073242,-5.55517053604126,giro-d-italia,2019
BENNETT Sean,{2},12.799033164978027,-11.668929100036621,giro-d-italia,2019
BOARO Manuele,{2},15.698007583618164,-17.662721633911133,giro-d-italia,2019
STRAKHOV Dmitry,{2},11.36352252960205,-32.95164489746094,giro-d-italia,2019
BAKELANTS Jan,{0},-10.708883285522461,6.1387128829956055,giro-d-italia,2019
VENDRAME Andrea,{5},-2.792393207550049,-0.032403793185949326,giro-d-italia,2019
HAMILTON Chris,{0},-16.20392417907715,25.015256881713867,giro-d-italia,2019
MASNADA Fausto,{0},-1.4607309103012085,33.88618469238281,giro-d-italia,2019
MARCATO Marco,{2},15.362680435180664,-19.372920989990234,giro-d-italia,2019
SCHWARZMANN Michael,{2},2.101212501525879,-32.417335510253906,giro-d-italia,2019
CONCI Nicola,{5},-21.69362449645996,-7.51863431930542,giro-d-italia,2019
SERRY Pieter,{5},-12.21153736114502,5.478306770324707,giro-d-italia,2019
CARTHY Hugh,{0},-1.8757261037826538,42.12748336791992,giro-d-italia,2019
OWSIAN Łukasz,{5},-2.7710375785827637,-4.147812843322754,giro-d-italia,2019
HOLLENSTEIN Reto,{2},6.795589447021484,-13.942770004272461,giro-d-italia,2019
CARBONI Giovanni,{2},1.7344226837158203,-0.08415549993515015,giro-d-italia,2019
MADOUAS Valentin,{0},0.48455291986465454,35.758155822753906,giro-d-italia,2019
CLARKE Will,{2},10.15845012664795,-45.726287841796875,giro-d-italia,2019
WARBASSE Larry,{5},-20.568811416625977,2.268982172012329,giro-d-italia,2019
POLJAŃSKI Paweł,{5},-13.345200538635254,-11.128644943237305,giro-d-italia,2019
CAPECCHI Eros,{0},-10.929680824279785,11.080811500549316,giro-d-italia,2019
MONTAGUTI Matteo,{5},-8.183069229125977,4.263556480407715,giro-d-italia,2019
GASTAUER Ben,{5},-18.883249282836914,-7.896718502044678,giro-d-italia,2019
CICCONE Giulio,{0},-2.8413798809051514,39.77802658081055,giro-d-italia,2019
BRAMBILLA Gianluca,{0},-4.523531436920166,12.531228065490723,giro-d-italia,2019
CANOLA Marco,{2},14.652941703796387,-19.631441116333008,giro-d-italia,2019
IRIZAR Markel,{2},11.632678985595703,-43.05884552001953,giro-d-italia,2019
GASPAROTTO Enrico,{5},-6.138332843780518,4.207746982574463,giro-d-italia,2019
SELIG Rüdiger,{2},24.358211517333984,-46.722286224365234,giro-d-italia,2019
PETERS Nans,{5},-17.534738540649414,-11.473955154418945,giro-d-italia,2019
GIBBONS Ryan,{2},7.4315876960754395,-14.785046577453613,giro-d-italia,2019
CIMOLAI Davide,{2},22.343332290649414,-47.02845001220703,giro-d-italia,2019
DUPONT Hubert,{0},-13.271520614624023,16.13105583190918,giro-d-italia,2019
HENAO Sebastián,{0},-10.011202812194824,31.32189178466797,giro-d-italia,2019
HALLER Marco,{2},5.645662307739258,-12.29919719696045,giro-d-italia,2019
BIDARD François,{0},-14.940292358398438,25.955007553100586,giro-d-italia,2019
CAICEDO Jonathan Klever,{2},14.158772468566895,-8.338665008544922,giro-d-italia,2019
DENZ Nico,{2},10.275466918945312,-36.793983459472656,giro-d-italia,2019
MAESTRI Mirco,{2},22.609100341796875,-11.335250854492188,giro-d-italia,2019
WYSS Danilo,{2},9.013786315917969,-8.631255149841309,giro-d-italia,2019
CHAVES Esteban,{0},-11.120774269104004,7.001511096954346,giro-d-italia,2019
VILLELLA Davide,{5},-4.321102619171143,-3.4142282009124756,giro-d-italia,2019
HIRT Jan,{0},-9.985262870788574,32.45030212402344,giro-d-italia,2019
ROJAS José Joaquín,{5},-19.230316162109375,3.566377639770508,giro-d-italia,2019
SINKELDAM Ramon,{2},15.983091354370117,-43.806724548339844,giro-d-italia,2019
PUCCIO Salvatore,{5},-14.3718900680542,-8.547242164611816,giro-d-italia,2019
CONSONNI Simone,{2},22.64466094970703,-45.87025833129883,giro-d-italia,2019
BIERMANS Jenthe,{2},1.855496883392334,-34.209964752197266,giro-d-italia,2019
KNEES Christian,{2},10.52914047241211,-11.197606086730957,giro-d-italia,2019
SANTAROMITA Ivan,{2},16.50819969177246,-20.564176559448242,giro-d-italia,2019
FRAPPORTI Marco,{5},-1.844358205795288,-5.910606861114502,giro-d-italia,2019
AGNOLI Valerio,{2},9.981983184814453,-12.13968563079834,giro-d-italia,2019
NARVÁEZ Jhonatan,{5},-19.768842697143555,-6.874950885772705,giro-d-italia,2019
BENEDETTI Cesare,{5},-5.938229560852051,6.063928127288818,giro-d-italia,2019
BOLE Grega,{2},10.293601989746094,-13.337080001831055,giro-d-italia,2019
BATTAGLIN Enrico,{5},-20.55365562438965,0.608034074306488,giro-d-italia,2019
CARRETERO Héctor,{2},8.568476676940918,-26.28913116455078,giro-d-italia,2019
VAN DER SANDE Tosh,{5},-1.7390931844711304,-3.2368545532226562,giro-d-italia,2019
SIMION Paolo,{2},10.415177345275879,-41.65504455566406,giro-d-italia,2019
TOLHOEK Antwan,{5},-6.309235572814941,-1.296741247177124,giro-d-italia,2019
GUARNIERI Jacopo,{2},22.98737144470215,-47.96009063720703,giro-d-italia,2019
COVILI Luca,{5},-13.887188911437988,-12.657374382019043,giro-d-italia,2019
ACKERMANN Pascal,{2},25.031024932861328,-47.58057403564453,giro-d-italia,2019
KUSS Sepp,{0},-15.09090518951416,28.01819610595703,giro-d-italia,2019
HANSEN Adam,{5},-2.573927402496338,-2.7209250926971436,giro-d-italia,2019
GAROSIO Andrea,{2},5.939306259155273,-14.842641830444336,giro-d-italia,2019
SBARAGLI Kristian,{5},0.2969430983066559,-3.4307572841644287,giro-d-italia,2019
LE GAC Olivier,{2},-0.2859039008617401,-24.99721908569336,giro-d-italia,2019
DUNNE Conor,{2},13.048484802246094,-40.80069351196289,giro-d-italia,2019
CIMA Damiano,{2},8.427996635437012,-39.65707778930664,giro-d-italia,2019
ROTA Lorenzo,{5},0.9074662327766418,-1.431444525718689,giro-d-italia,2019
BROWN Nathan,{5},-27.804241180419922,-5.104369640350342,giro-d-italia,2019
NIBALI Antonio,{5},-17.54656219482422,-7.450857639312744,giro-d-italia,2019
PEDRERO Antonio,{0},-17.134540557861328,24.84744644165039,giro-d-italia,2019
BELLETTI Manuel,{2},14.839889526367188,-8.711089134216309,giro-d-italia,2019
GAVAZZI Francesco,{5},-8.096145629882812,2.9486069679260254,giro-d-italia,2019
MARTENS Paul,{5},-21.03528594970703,-3.908304214477539,giro-d-italia,2019
GEBREMEDHIN Awet,{2},19.694124221801758,-33.600276947021484,giro-d-italia,2019
BOIVIN Guillaume,{2},19.542112350463867,-34.26834487915039,giro-d-italia,2019
SENNI Manuel,{0},-3.7896313667297363,11.834492683410645,giro-d-italia,2019
NIV Guy,{5},-11.071115493774414,-11.867609977722168,giro-d-italia,2019
FLÓREZ Miguel Eduardo,{5},-27.201019287109375,-5.496675968170166,giro-d-italia,2019
LEEZER Tom,{2},11.373992919921875,-31.45306968688965,giro-d-italia,2019
HATSUYAMA Sho,{2},8.772652626037598,-43.75273513793945,giro-d-italia,2019
LOBATO Juan José,{2},7.417520999908447,-42.652008056640625,giro-d-italia,2019
SOSA Iván Ramiro,{0},-5.681042671203613,14.20897388458252,giro-d-italia,2019
DUNBAR Eddie,{0},-9.1575288772583,35.12668228149414,giro-d-italia,2019
GANNA Filippo,{2},3.670042037963867,29.071809768676758,giro-d-italia,2020
CAMPENAERTS Victor,{1},-1.1561981439590454,-3.7467658519744873,giro-d-italia,2020
DENNIS Rohan,{0},15.948610305786133,-8.140494346618652,giro-d-italia,2020
ALMEIDA João,{3},-1.272824764251709,-45.33152389526367,giro-d-italia,2020
SCOTSON Miles,{1},-26.098440170288086,-11.631396293640137,giro-d-italia,2020
ČERNÝ Josef,{2},-0.512604832649231,14.15781307220459,giro-d-italia,2020
HAGA Chad,{2},3.346818208694458,22.677654266357422,giro-d-italia,2020
MCNULTY Brandon,{0},28.61556053161621,0.3247584104537964,giro-d-italia,2020
GRADEK Kamil,{2},-0.8307813405990601,11.923909187316895,giro-d-italia,2020
TRATNIK Jan,{5},-28.470979690551758,18.34535789489746,giro-d-italia,2020
KELDERMAN Wilco,{3},-2.73559308052063,-47.63945770263672,giro-d-italia,2020
TUSVELD Martijn,{0},24.81333351135254,-10.57718563079834,giro-d-italia,2020
GEOGHEGAN HART Tao,{3},-5.140411853790283,-49.53757095336914,giro-d-italia,2020
DE GENDT Thomas,{0},19.40009117126465,-20.587413787841797,giro-d-italia,2020
BODNAR Maciej,{1},-14.356186866760254,-7.374922752380371,giro-d-italia,2020
ROSSKOPF Joey,{5},-28.531156539916992,8.573308944702148,giro-d-italia,2020
DOWSETT Alex,{1},-2.937912940979004,-9.754776954650879,giro-d-italia,2020
SOBRERO Matteo,{5},-26.986684799194336,10.154911041259766,giro-d-italia,2020
POZZOVIVO Domenico,{3},0.733088493347168,-43.4197883605957,giro-d-italia,2020
BRÄNDLE Matthias,{1},-3.5682671070098877,-9.300896644592285,giro-d-italia,2020
PARET-PEINTRE Aurélien,{0},31.35312271118164,-7.750500679016113,giro-d-italia,2020
HONORÉ Mikkel Frølich,{0},20.56358528137207,-3.099698305130005,giro-d-italia,2020
FELLINE Fabio,{0},30.53532600402832,-4.575928688049316,giro-d-italia,2020
BILBAO Pello,{3},-3.0213541984558105,-49.0885009765625,giro-d-italia,2020
O'CONNOR Ben,{0},16.941579818725586,-6.60164213180542,giro-d-italia,2020
ULISSI Diego,{0},19.364755630493164,-1.449776291847229,giro-d-italia,2020
BJERG Mikkel,{1},-12.99758243560791,-9.712587356567383,giro-d-italia,2020
SWIFT Ben,{0},34.11318588256836,-8.972344398498535,giro-d-italia,2020
PUCCIO Salvatore,{4},-6.117358684539795,28.88911247253418,giro-d-italia,2020
NIBALI Vincenzo,{3},0.2713190019130707,-45.39374923706055,giro-d-italia,2020
FUGLSANG Jakob,{3},-1.8879780769348145,-49.23310470581055,giro-d-italia,2020
BALLERINI Davide,{5},-23.233367919921875,12.741004943847656,giro-d-italia,2020
MASNADA Fausto,{3},1.42960524559021,-45.44535446166992,giro-d-italia,2020
VENDRAME Andrea,{4},-14.048749923706055,31.664697647094727,giro-d-italia,2020
OOMEN Sam,{0},30.37636375427246,-7.655787467956543,giro-d-italia,2020
KONRAD Patrick,{3},0.7269701957702637,-46.57722854614258,giro-d-italia,2020
MEINTJES Louis,{0},21.706096649169922,-8.994379997253418,giro-d-italia,2020
HINDLEY Jai,{3},-4.319262981414795,-50.30131912231445,giro-d-italia,2020
DÉMARE Arnaud,{1},-25.595029830932617,-13.319443702697754,giro-d-italia,2020
WARBASSE Larry,{0},32.68486022949219,-9.135104179382324,giro-d-italia,2020
VALTER Attila,{4},-19.102785110473633,29.334918975830078,giro-d-italia,2020
KONOVALOVAS Ignatas,{1},-25.913915634155273,-14.145425796508789,giro-d-italia,2020
RODRÍGUEZ Óscar,{0},19.610157012939453,-19.811443328857422,giro-d-italia,2020
BOUCHARD Geoffrey,{4},-13.800941467285156,28.51972770690918,giro-d-italia,2020
ZAKARIN Ilnur,{0},28.65338134765625,-8.331226348876953,giro-d-italia,2020
CONTI Valerio,{1},-14.884356498718262,-15.829938888549805,giro-d-italia,2020
HODEG Álvaro José,{1},-7.050576686859131,-0.5501410365104675,giro-d-italia,2020
SERRY Pieter,{0},20.785856246948242,-4.42766809463501,giro-d-italia,2020
KNOX James,{0},29.33087158203125,0.11022565513849258,giro-d-italia,2020
HAMILTON Chris,{0},21.682491302490234,-3.556116819381714,giro-d-italia,2020
PERNSTEINER Hermann,{3},2.687131643295288,-47.54184341430664,giro-d-italia,2020
SAGAN Peter,{1},-17.67841911315918,-7.277361869812012,giro-d-italia,2020
CAICEDO Jonathan Klever,{4},-13.04550838470459,27.605804443359375,giro-d-italia,2020
OLDANI Stefano,{1},-14.443994522094727,-13.19394302368164,giro-d-italia,2020
ROSSETTO Stéphane,{5},-30.72019386291504,18.312612533569336,giro-d-italia,2020
FABBRO Matteo,{0},26.082555770874023,1.6059157848358154,giro-d-italia,2020
DENZ Nico,{2},3.3910117149353027,19.295372009277344,giro-d-italia,2020
CONSONNI Simone,{1},-24.39084243774414,-13.792503356933594,giro-d-italia,2020
BATTAGLIN Enrico,{0},23.141042709350586,-22.184316635131836,giro-d-italia,2020
HOLMES Matthew,{5},-25.41609764099121,7.593280792236328,giro-d-italia,2020
MAŁECKI Kamil,{5},-24.12419891357422,12.133074760437012,giro-d-italia,2020
CLARKE Simon,{2},9.933012962341309,20.384965896606445,giro-d-italia,2020
GUERREIRO Ruben,{0},18.629098892211914,-0.044103823602199554,giro-d-italia,2020
KANGERT Tanel,{0},25.01922607421875,-5.470702648162842,giro-d-italia,2020
FRANKINY Kilian,{2},-5.629537582397461,22.767946243286133,giro-d-italia,2020
VANHOUCKE Harm,{4},-7.024744510650635,21.633651733398438,giro-d-italia,2020
NOVAK Domen,{0},15.434577941894531,-8.95337963104248,giro-d-italia,2020
MAJKA Rafał,{3},3.2222557067871094,-44.090911865234375,giro-d-italia,2020
PADUN Mark,{2},5.289065361022949,23.099136352539062,giro-d-italia,2020
LE TURNIER Mathias,{2},1.9512804746627808,27.523155212402344,giro-d-italia,2020
DIBBEN Jonathan,{1},-8.427472114562988,1.1486127376556396,giro-d-italia,2020
HAGEN Carl Fredrik,{0},22.167333602905273,-10.347875595092773,giro-d-italia,2020
HANSEN Jesper,{4},-17.870874404907227,32.35900115966797,giro-d-italia,2020
SAMITIER Sergio,{0},32.93381881713867,-6.405415058135986,giro-d-italia,2020
WHELAN James,{1},-2.7047834396362305,-3.9025473594665527,giro-d-italia,2020
DE LA PARTE Víctor,{4},-18.27474594116211,30.815027236938477,giro-d-italia,2020
CASTROVIEJO Jonathan,{0},28.851072311401367,-6.418813705444336,giro-d-italia,2020
BEVILACQUA Simone,{1},-7.53041410446167,-1.264709234237671,giro-d-italia,2020
CATALDO Dario,{2},-0.38794270157814026,25.609777450561523,giro-d-italia,2020
VIVIANI Elia,{1},-21.93983268737793,-10.039310455322266,giro-d-italia,2020
GUARNIERI Jacopo,{1},-7.1236891746521,-4.553040027618408,giro-d-italia,2020
BERNARD Julien,{4},-14.857818603515625,30.23784065246582,giro-d-italia,2020
TORRES Albert,{1},-0.9729803204536438,2.448281764984131,giro-d-italia,2020
DOMBROWSKI Joe,{0},24.436735153198242,-13.958992958068848,giro-d-italia,2020
MOSCA Jacopo,{4},-20.393768310546875,31.042198181152344,giro-d-italia,2020
ARASHIRO Yukiya,{2},1.3429652452468872,20.609804153442383,giro-d-italia,2020
CONCI Nicola,{4},-13.080404281616211,30.738187789916992,giro-d-italia,2020
NAVARRO Daniel,{0},23.44634437561035,-16.4710693359375,giro-d-italia,2020
ZABEL Rick,{1},-5.82946252822876,-4.494647026062012,giro-d-italia,2020
WYSS Danilo,{2},0.4704396426677704,20.88232421875,giro-d-italia,2020
SEPÚLVEDA Eduardo,{4},-18.724620819091797,33.765586853027344,giro-d-italia,2020
SUNDERLAND Dylan,{2},0.529718279838562,7.221233367919922,giro-d-italia,2020
TONELLI Alessandro,{0},22.548633575439453,-21.675626754760742,giro-d-italia,2020
CARBONI Giovanni,{4},-7.773512840270996,17.131488800048828,giro-d-italia,2020
RAVANELLI Simone,{2},-0.05591580644249916,18.879552841186523,giro-d-italia,2020
CONTRERAS Rodrigo,{2},0.8779991865158081,8.030386924743652,giro-d-italia,2020
ROTA Lorenzo,{1},-13.212745666503906,-16.851547241210938,giro-d-italia,2020
HAAS Nathan,{1},-12.976203918457031,-6.000610828399658,giro-d-italia,2020
POLJAŃSKI Paweł,{5},-28.567394256591797,11.51370906829834,giro-d-italia,2020
BIDARD François,{0},24.462820053100586,-23.01746368408203,giro-d-italia,2020
VILLELLA Davide,{4},-19.540355682373047,28.477466583251953,giro-d-italia,2020
BENEDETTI Cesare,{2},7.724176406860352,19.423856735229492,giro-d-italia,2020
GHEBREIGZABHIER Amanuel,{0},21.4886474609375,-11.984630584716797,giro-d-italia,2020
ARMÉE Sander,{0},22.88664436340332,-17.43593978881836,giro-d-italia,2020
PEDRERO Antonio,{0},27.32865333557129,0.6516609787940979,giro-d-italia,2020
GREGAARD Jonas,{0},21.332849502563477,-18.811511993408203,giro-d-italia,2020
CAPECCHI Eros,{2},0.8607205152511597,22.32630729675293,giro-d-italia,2020
BAIS Mattia,{2},1.894100546836853,9.03866958618164,giro-d-italia,2020
HÄNNINEN Jaakko,{4},-6.559427261352539,19.50939178466797,giro-d-italia,2020
MATHIS Marco,{1},-5.559945106506348,0.34211915731430054,giro-d-italia,2020
RUBIO Einer Augusto,{5},-29.31412124633789,18.358402252197266,giro-d-italia,2020
HANSEN Adam,{1},-14.919605255126953,-7.884387016296387,giro-d-italia,2020
CIMOLAI Davide,{1},-25.01953125,-11.039165496826172,giro-d-italia,2020
VAN EMPEL Etienne,{2},8.998148918151855,20.059337615966797,giro-d-italia,2020
MORTON Lachlan,{1},-2.323648452758789,3.9319427013397217,giro-d-italia,2020
SAGIV Guy,{1},-9.480266571044922,1.5991181135177612,giro-d-italia,2020
RUMAC Josip,{1},-14.462494850158691,-11.546833038330078,giro-d-italia,2020
FIORELLI Filippo,{1},-27.14346694946289,-7.890720844268799,giro-d-italia,2020
ZARDINI Edoardo,{2},-5.882824420928955,17.700626373291016,giro-d-italia,2020
RESTREPO Jhonatan,{1},-16.451353073120117,-6.3735127449035645,giro-d-italia,2020
PELLAUD Simon,{2},9.88364315032959,21.732585906982422,giro-d-italia,2020
GUGLIELMI Simon,{1},-26.637676239013672,-8.80710220336914,giro-d-italia,2020
CARRETERO Héctor,{2},0.9965975880622864,26.622007369995117,giro-d-italia,2020
NIBALI Antonio,{0},25.847782135009766,-7.098437309265137,giro-d-italia,2020
ROMANO Francesco,{2},-4.8095316886901855,17.577491760253906,giro-d-italia,2020
CHIRICO Luca,{5},-25.953359603881836,10.87155532836914,giro-d-italia,2020
FRAPPORTI Marco,{2},3.076101779937744,9.656410217285156,giro-d-italia,2020
ZANA Filippo,{1},-14.136747360229492,-15.265791893005371,giro-d-italia,2020
LONARDI Giovanni,{1},-5.827933311462402,-3.4042294025421143,giro-d-italia,2020
MAZZUCCO Fabio,{1},-5.100258827209473,-2.2908976078033447,giro-d-italia,2020
CEPEDA Jefferson Alexander,{5},-26.331769943237305,9.245224952697754,giro-d-italia,2020
KEISSE Iljo,{1},-3.0880305767059326,2.4830515384674072,giro-d-italia,2020
BISOLTI Alessandro,{2},-1.1792149543762207,22.171316146850586,giro-d-italia,2020
GANNA Filippo,{4},-12.210204124450684,-26.825883865356445,giro-d-italia,2021
CAVAGNA Rémi,{3},24.637052536010742,21.378963470458984,giro-d-italia,2021
AFFINI Edoardo,{4},-5.393507480621338,-30.069629669189453,giro-d-italia,2021
SOBRERO Matteo,{4},-6.845068454742432,-6.961390495300293,giro-d-italia,2021
ALMEIDA João,{0},-25.40623664855957,24.828710556030273,giro-d-italia,2021
WALSCHEID Max,{2},34.556148529052734,-13.77853012084961,giro-d-italia,2021
BETTIOL Alberto,{3},16.036975860595703,27.13079261779785,giro-d-italia,2021
TRATNIK Jan,{2},8.938078880310059,-0.43535828590393066,giro-d-italia,2021
MOSCON Gianni,{0},-15.627634048461914,20.406373977661133,giro-d-italia,2021
KEISSE Iljo,{4},-3.0007474422454834,-29.907066345214844,giro-d-italia,2021
BODNAR Maciej,{4},1.9322774410247803,-27.982372283935547,giro-d-italia,2021
FOSS Tobias,{0},-27.892711639404297,20.7830810546875,giro-d-italia,2021
ARNDT Nikias,{3},23.112934112548828,17.97732162475586,giro-d-italia,2021
MARTÍNEZ Daniel Felipe,{0},-26.801652908325195,23.23564910888672,giro-d-italia,2021
ULISSI Diego,{0},-18.688261032104492,21.27834129333496,giro-d-italia,2021
BRÄNDLE Matthias,{4},1.2244348526000977,-28.374876022338867,giro-d-italia,2021
CARUSO Damiano,{0},-29.49402618408203,24.664039611816406,giro-d-italia,2021
GROßSCHARTNER Felix,{0},7.148897647857666,7.047534465789795,giro-d-italia,2021
VLASOV Aleksandr,{0},-29.013790130615234,22.028846740722656,giro-d-italia,2021
VAN DEN BERG Julius,{4},-4.939871311187744,-28.136770248413086,giro-d-italia,2021
BOUWMAN Koen,{0},-26.734580993652344,19.44740104675293,giro-d-italia,2021
FORMOLO Davide,{0},-10.894664764404297,25.974884033203125,giro-d-italia,2021
HEPBURN Michael,{4},-4.16675329208374,-26.52741241455078,giro-d-italia,2021
BERNAL Egan,{0},-30.1783390045166,25.26537322998047,giro-d-italia,2021
CASTROVIEJO Jonathan,{0},-21.057567596435547,16.555875778198242,giro-d-italia,2021
DENZ Nico,{3},27.90608787536621,21.293027877807617,giro-d-italia,2021
SERRY Pieter,{0},1.7963474988937378,12.655719757080078,giro-d-italia,2021
SEIGLE Romain,{4},-9.14326286315918,-16.694665908813477,giro-d-italia,2021
RIESEBEEK Oscar,{2},32.23798751831055,-15.725117683410645,giro-d-italia,2021
SÁNCHEZ Luis León,{0},-1.9579256772994995,18.27610969543457,giro-d-italia,2021
BARDET Romain,{0},-30.879568099975586,23.09716796875,giro-d-italia,2021
IZAGIRRE Gorka,{0},-7.398108005523682,24.495372772216797,giro-d-italia,2021
WIŚNIOWSKI Łukasz,{2},33.319496154785156,-13.263665199279785,giro-d-italia,2021
HONORÉ Mikkel Frølich,{2},15.172974586486816,-9.56052303314209,giro-d-italia,2021
BATTISTELLA Samuele,{3},25.518312454223633,23.061511993408203,giro-d-italia,2021
JORGENSON Matteo,{4},-9.151527404785156,-21.195932388305664,giro-d-italia,2021
TEJADA Harold,{0},6.235012054443359,11.334736824035645,giro-d-italia,2021
NIBALI Vincenzo,{0},-12.62429141998291,26.878984451293945,giro-d-italia,2021
CARTHY Hugh,{0},-30.12030601501465,21.97458839416504,giro-d-italia,2021
OLIVEIRA Nelson,{0},-3.9970223903656006,19.45357322692871,giro-d-italia,2021
COVI Alessandro,{0},-1.4913451671600342,6.985198974609375,giro-d-italia,2021
VALTER Attila,{0},-11.877849578857422,26.331405639648438,giro-d-italia,2021
BENNETT George,{0},-24.436054229736328,18.90677833557129,giro-d-italia,2021
LEYSEN Senne,{4},-8.954158782958984,-17.748592376708984,giro-d-italia,2021
MOLANO Juan Sebastián,{2},34.5599479675293,-12.57209300994873,giro-d-italia,2021
WARBASSE Larry,{0},0.8166881799697876,12.00730037689209,giro-d-italia,2021
CARR Simon,{0},2.109650135040283,8.38796329498291,giro-d-italia,2021
JANSSENS Jimmy,{2},-1.0302077531814575,-3.8506598472595215,giro-d-italia,2021
PRONSKIY Vadim,{0},-4.708462715148926,11.466641426086426,giro-d-italia,2021
KANTER Max,{4},-6.551290988922119,-27.36004638671875,giro-d-italia,2021
YATES Simon,{0},-27.705652236938477,24.245344161987305,giro-d-italia,2021
BEVIN Patrick,{3},18.413240432739258,25.6463680267334,giro-d-italia,2021
JUUL-JENSEN Christopher,{4},-8.885104179382324,-14.812311172485352,giro-d-italia,2021
GOUGEARD Alexis,{4},-1.65001380443573,-32.47053146362305,giro-d-italia,2021
TORRES Albert,{2},33.35985565185547,-14.481678009033203,giro-d-italia,2021
VENDRAME Andrea,{3},16.725990295410156,22.751296997070312,giro-d-italia,2021
SAGAN Peter,{4},-11.036797523498535,-24.970355987548828,giro-d-italia,2021
CATALDO Dario,{3},8.156417846679688,16.912994384765625,giro-d-italia,2021
GAVIRIA Fernando,{4},-12.907723426818848,-28.593610763549805,giro-d-italia,2021
FABBRO Matteo,{0},-7.262846946716309,5.874088287353516,giro-d-italia,2021
PONOMAR Andrii,{3},20.675676345825195,25.391746520996094,giro-d-italia,2021
ALEOTTI Giovanni,{2},8.631864547729492,-6.430149078369141,giro-d-italia,2021
STORER Michael,{2},-6.6270432472229,-2.0606765747070312,giro-d-italia,2021
KNOX James,{0},2.7841391563415527,13.457406044006348,giro-d-italia,2021
ZANA Filippo,{3},26.857206344604492,22.271623611450195,giro-d-italia,2021
VAN DEN BERG Lars,{2},9.948756217956543,-10.073561668395996,giro-d-italia,2021
CONTI Valerio,{4},11.590963363647461,-19.856382369995117,giro-d-italia,2021
KANGERT Tanel,{0},-16.5450439453125,20.787771224975586,giro-d-italia,2021
PUCCIO Salvatore,{2},13.238962173461914,-5.989141464233398,giro-d-italia,2021
HIRT Jan,{0},-7.124468803405762,9.144432067871094,giro-d-italia,2021
MARTENS Paul,{4},11.319899559020996,-21.42125701904297,giro-d-italia,2021
CONSONNI Simone,{3},33.15883255004883,16.113134384155273,giro-d-italia,2021
KEUKELEIRE Jens,{2},9.413725852966309,-5.541187286376953,giro-d-italia,2021
PASQUALON Andrea,{4},-6.9804863929748535,-7.855342388153076,giro-d-italia,2021
TAARAMÄE Rein,{3},13.702034950256348,23.955034255981445,giro-d-italia,2021
DE BONDT Dries,{4},1.832564353942871,-19.946880340576172,giro-d-italia,2021
SEPÚLVEDA Eduardo,{0},-1.0628268718719482,11.270238876342773,giro-d-italia,2021
SABATINI Fabio,{4},3.354541778564453,-31.132545471191406,giro-d-italia,2021
SCOTSON Callum,{4},-7.317941665649414,-9.595605850219727,giro-d-italia,2021
RICHEZE Maximiliano,{3},31.090791702270508,14.882019996643066,giro-d-italia,2021
KRIEGER Alexander,{4},3.950070381164551,-30.076374053955078,giro-d-italia,2021
MINALI Riccardo,{4},5.474889278411865,-32.334999084472656,giro-d-italia,2021
ALBANESE Vincenzo,{2},14.084994316101074,-8.52531909942627,giro-d-italia,2021
OSS Daniel,{4},-10.411937713623047,-24.430721282958984,giro-d-italia,2021
BILBAO Pello,{0},-21.548425674438477,20.645448684692383,giro-d-italia,2021
MARTIN Dan,{0},-23.64558982849121,20.761062622070312,giro-d-italia,2021
GHEBREIGZABHIER Amanuel,{2},5.596555709838867,-8.595335960388184,giro-d-italia,2021
RIVI Samuele,{3},31.247211456298828,16.144495010375977,giro-d-italia,2021
TAGLIANI Filippo,{4},9.306829452514648,-25.57439613342285,giro-d-italia,2021
NARVÁEZ Jhonatan,{0},0.25360968708992004,13.825883865356445,giro-d-italia,2021
VERVAEKE Louis,{0},-19.415082931518555,16.736371994018555,giro-d-italia,2021
VIVIANI Elia,{4},-14.378726959228516,-24.59270477294922,giro-d-italia,2021
HAMILTON Chris,{0},-0.38184770941734314,18.7345027923584,giro-d-italia,2021
ROCHE Nicolas,{3},17.1585693359375,25.375038146972656,giro-d-italia,2021
MOLLEMA Bauke,{0},9.572494506835938,9.194429397583008,giro-d-italia,2021
MOSCA Jacopo,{3},16.455455780029297,24.44301414489746,giro-d-italia,2021
VILLELLA Davide,{0},6.606970310211182,9.852537155151367,giro-d-italia,2021
KREDER Wesley,{3},30.591081619262695,14.094074249267578,giro-d-italia,2021
MEYER Cameron,{4},-8.804701805114746,-25.523963928222656,giro-d-italia,2021
ARASHIRO Yukiya,{2},9.496273040771484,-8.302359580993652,giro-d-italia,2021
HERMANS Quinten,{0},6.518657207489014,15.854949951171875,giro-d-italia,2021
CIMOLAI Davide,{4},-13.510146141052246,-24.91938018798828,giro-d-italia,2021
GAVAZZI Francesco,{0},-6.326388835906982,23.86072540283203,giro-d-italia,2021
GALLOPIN Tony,{0},1.9503300189971924,9.949494361877441,giro-d-italia,2021
BOUCHARD Geoffrey,{0},-7.936818599700928,4.023005962371826,giro-d-italia,2021
CARBONI Giovanni,{2},-4.918880939483643,-3.495095729827881,giro-d-italia,2021
BADILATTI Matteo,{0},-6.491326808929443,10.013545036315918,giro-d-italia,2021
PETILLI Simone,{0},-3.3875677585601807,11.894464492797852,giro-d-italia,2021
MOLARD Rudy,{0},-2.1767215728759766,17.6610107421875,giro-d-italia,2021
MOSCHETTI Matteo,{4},5.273382663726807,-29.498943328857422,giro-d-italia,2021
RAVASI Edward,{0},-7.425335884094238,6.650298118591309,giro-d-italia,2021
RAVANELLI Simone,{2},-8.698453903198242,-4.827735424041748,giro-d-italia,2021
PEDRERO Antonio,{0},-18.494773864746094,15.237225532531738,giro-d-italia,2021
DUCHESNE Antoine,{4},11.7878999710083,-24.239988327026367,giro-d-italia,2021
NAESEN Lawrence,{4},0.3456394374370575,-21.22536849975586,giro-d-italia,2021
OLDANI Stefano,{3},23.661949157714844,17.289140701293945,giro-d-italia,2021
BENEDETTI Cesare,{4},10.566109657287598,-22.595335006713867,giro-d-italia,2021
VAN GARDEREN Tejay,{2},13.09426498413086,-6.919912338256836,giro-d-italia,2021
SCHMID Mauro,{4},-8.700188636779785,-39.51827621459961,giro-d-italia,2021
VISCONTI Giovanni,{2},7.02484655380249,-5.103893756866455,giro-d-italia,2021
FRANKINY Kilian,{2},-6.148323059082031,-3.8406405448913574,giro-d-italia,2021
LINDEMAN Bert-Jan,{4},-1.771163821220398,-30.659873962402344,giro-d-italia,2021
NIEVE Mikel,{0},-9.471687316894531,25.439226150512695,giro-d-italia,2021
DE KORT Koen,{4},2.872804641723633,-33.50254440307617,giro-d-italia,2021
VALLS Rafael,{2},7.370680332183838,-7.965414524078369,giro-d-italia,2021
MARENGO Umberto,{4},3.736973762512207,-32.81415557861328,giro-d-italia,2021
VIVIANI Attilio,{4},6.563619613647461,-32.63724136352539,giro-d-italia,2021
BATTAGLIN Enrico,{4},-1.7359884977340698,-19.511499404907227,giro-d-italia,2021
NIV Guy,{2},12.8655366897583,-4.184347629547119,giro-d-italia,2021
GABBURO Davide,{4},12.310656547546387,-24.65707015991211,giro-d-italia,2021
ZOCCARATO Samuele,{4},13.754918098449707,-25.530176162719727,giro-d-italia,2021
VERMEERSCH Gianni,{3},26.41410255432129,20.76496124267578,giro-d-italia,2021
FORTUNATO Lorenzo,{0},-21.261127471923828,15.73415756225586,giro-d-italia,2021
PELLAUD Simon,{3},27.98689079284668,23.944293975830078,giro-d-italia,2021
VAN DER HOORN Taco,{4},-0.5257795453071594,-21.02075958251953,giro-d-italia,2021
GUGLIELMI Simon,{4},-8.227270126342773,-39.929054260253906,giro-d-italia,2021
FIORELLI Filippo,{4},1.6206997632980347,-36.9110107421875,giro-d-italia,2021
CHRISTIAN Mark,{2},15.621227264404297,-6.038549423217773,giro-d-italia,2021
DINA Márton,{4},-10.124770164489746,-15.240331649780273,giro-d-italia,2021
TESFATSION Natnael,{3},28.359172821044922,18.386272430419922,giro-d-italia,2021
VANHOUCKE Harm,{4},-1.0595893859863281,-18.23676109313965,giro-d-italia,2021
VENCHIARUTTI Nicola,{4},2.3223767280578613,-35.224769592285156,giro-d-italia,2021
RUBIO Einer Augusto,{0},7.385483264923096,8.730985641479492,giro-d-italia,2021
BENNETT Sam,{1},-40.75397491455078,6.757588863372803,tour-de-france,2020
PEDERSEN Mads,{1},-36.02819061279297,8.259313583374023,tour-de-france,2020
SAGAN Peter,{0},-3.916126251220703,-1.873732566833496,tour-de-france,2020
KRISTOFF Alexander,{1},-40.52464294433594,1.9652776718139648,tour-de-france,2020
VIVIANI Elia,{1},-41.405609130859375,4.565915584564209,tour-de-france,2020
VAN AERT Wout,{2},37.870262145996094,-5.3028082847595215,tour-de-france,2020
EWAN Caleb,{1},-47.168331146240234,5.322458744049072,tour-de-france,2020
HOFSTETTER Hugo,{0},-13.023781776428223,-22.486408233642578,tour-de-france,2020
COQUARD Bryan,{0},-12.348339080810547,-22.90082359313965,tour-de-france,2020
WALSCHEID Max,{1},-40.04137420654297,0.9785563945770264,tour-de-france,2020
COLBRELLI Sonny,{0},-3.486548662185669,-9.182201385498047,tour-de-france,2020
BOASSON HAGEN Edvald,{0},-16.83651351928711,-18.192398071289062,tour-de-france,2020
MEZGEC Luka,{0},-4.769419193267822,-0.9485281109809875,tour-de-france,2020
BONIFAZIO Niccolò,{1},-37.25712966918945,2.125756025314331,tour-de-france,2020
RUSSO Clément,{1},-41.47744369506836,-2.1733808517456055,tour-de-france,2020
VENTURINI Clément,{0},-19.072101593017578,-18.894229888916016,tour-de-france,2020
TRENTIN Matteo,{0},-5.350269317626953,0.9126150608062744,tour-de-france,2020
BOL Cees,{1},-40.474220275878906,5.111919403076172,tour-de-france,2020
STUYVEN Jasper,{0},-2.542318820953369,-2.0049445629119873,tour-de-france,2020
VAN ASBROECK Tom,{0},-30.02035903930664,-18.66666603088379,tour-de-france,2020
REZA Kévin,{1},-39.508331298828125,2.4827487468719482,tour-de-france,2020
HALLER Marco,{1},-41.617042541503906,-0.3804638087749481,tour-de-france,2020
BAUER Jack,{0},-2.9299118518829346,10.292563438415527,tour-de-france,2020
NAESEN Oliver,{0},-3.939021587371826,10.110353469848633,tour-de-france,2020
TURGIS Anthony,{0},-13.082103729248047,0.833740234375,tour-de-france,2020
MØRKØV Michael,{1},-35.449073791503906,7.14139986038208,tour-de-france,2020
MOHORIČ Matej,{0},-6.723398685455322,-5.791197299957275,tour-de-france,2020
KOCH Jonas,{1},-25.351181030273438,-5.6804585456848145,tour-de-france,2020
CONSONNI Simone,{0},-11.809311866760254,-2.4838194847106934,tour-de-france,2020
KEUKELEIRE Jens,{0},-29.618371963500977,-19.691286087036133,tour-de-france,2020
SOUPE Geoffrey,{1},-37.7448844909668,-3.766111373901367,tour-de-france,2020
ROJAS José Joaquín,{0},8.994455337524414,3.7818706035614014,tour-de-france,2020
BARTHE Cyril,{0},-28.714954376220703,-18.9378662109375,tour-de-france,2020
MOLARD Rudy,{0},21.183942794799805,20.168514251708984,tour-de-france,2020
BILBAO Pello,{2},36.50604248046875,-6.422248840332031,tour-de-france,2020
LANDA Mikel,{2},49.0715217590332,-8.346109390258789,tour-de-france,2020
DUMOULIN Tom,{2},47.32383346557617,-11.122090339660645,tour-de-france,2020
POLANC Jan,{0},20.144174575805664,20.800033569335938,tour-de-france,2020
ROGLIČ Primož,{2},49.890960693359375,-10.23397159576416,tour-de-france,2020
VALVERDE Alejandro,{2},43.143836975097656,-7.768603324890137,tour-de-france,2020
POGAČAR Tadej,{2},51.8994140625,-10.060556411743164,tour-de-france,2020
MAS Enric,{2},48.3543586730957,-9.764825820922852,tour-de-france,2020
BETTIOL Alberto,{0},4.101712703704834,6.636786937713623,tour-de-france,2020
DE BUYST Jasper,{1},-45.59282302856445,3.083864212036133,tour-de-france,2020
JANSEN Amund Grøndahl,{1},-26.866077423095703,-7.051061153411865,tour-de-france,2020
CATALDO Dario,{0},6.243277072906494,8.086729049682617,tour-de-france,2020
YATES Adam,{2},45.50370788574219,-7.110372066497803,tour-de-france,2020
IZAGIRRE Gorka,{0},25.650676727294922,7.4616217613220215,tour-de-france,2020
ERVITI Imanol,{0},-11.894800186157227,5.640661239624023,tour-de-france,2020
LAPORTE Christophe,{0},-1.1640946865081787,-6.8115434646606445,tour-de-france,2020
NIEUWENHUIS Joris,{0},-12.548017501831055,-0.3169424533843994,tour-de-france,2020
CHAVES Esteban,{0},21.466981887817383,8.563518524169922,tour-de-france,2020
LUTSENKO Alexey,{0},21.87029457092285,16.363258361816406,tour-de-france,2020
OLIVEIRA Nelson,{0},10.355944633483887,8.59232234954834,tour-de-france,2020
LAENGEN Vegard Stake,{0},-7.064382553100586,-6.502961158752441,tour-de-france,2020
URÁN Rigoberto,{2},45.98978042602539,-7.957816123962402,tour-de-france,2020
SÁNCHEZ Luis León,{0},30.11292839050293,13.19024658203125,tour-de-france,2020
SCHÄR Michael,{0},-3.383484125137329,13.244908332824707,tour-de-france,2020
LÓPEZ Miguel Ángel,{2},47.81962966918945,-5.9076762199401855,tour-de-france,2020
VERONA Carlos,{2},39.98601531982422,-11.976347923278809,tour-de-france,2020
BARGUIL Warren,{2},41.68690872192383,-12.095369338989258,tour-de-france,2020
PORTE Richie,{2},50.76386260986328,-9.269804000854492,tour-de-france,2020
KUSS Sepp,{2},41.61611557006836,-6.397435665130615,tour-de-france,2020
CARUSO Damiano,{2},45.16815185546875,-11.429561614990234,tour-de-france,2020
ASGREEN Kasper,{1},-28.150455474853516,-5.535708427429199,tour-de-france,2020
VUILLERMOZ Alexis,{0},31.892192840576172,16.26105499267578,tour-de-france,2020
ELISSONDE Kenny,{2},35.624053955078125,-6.920309543609619,tour-de-france,2020
CHEREL Mikaël,{0},22.49623680114746,9.528533935546875,tour-de-france,2020
VAN BAARLE Dylan,{0},10.593284606933594,5.583090305328369,tour-de-france,2020
SKUJIŅŠ Toms,{0},5.989582538604736,10.453682899475098,tour-de-france,2020
FRAILE Omar,{0},11.154467582702637,0.22318758070468903,tour-de-france,2020
MARTÍNEZ Daniel Felipe,{0},27.666959762573242,23.301860809326172,tour-de-france,2020
ROLLAND Pierre,{0},25.97760772705078,23.40279769897461,tour-de-france,2020
HOULE Hugo,{0},12.014603614807129,-0.6369566917419434,tour-de-france,2020
POELS Wout,{1},-36.74184799194336,-5.653366565704346,tour-de-france,2020
JUUL-JENSEN Christopher,{0},-20.815990447998047,-19.782705307006836,tour-de-france,2020
PINOT Thibaut,{0},22.31937599182129,21.06675148010254,tour-de-france,2020
POWLESS Neilson,{0},16.824501037597656,29.18865203857422,tour-de-france,2020
GESINK Robert,{0},22.766462326049805,12.245266914367676,tour-de-france,2020
QUINTANA Nairo,{0},25.607406616210938,11.22760009765625,tour-de-france,2020
MADOUAS Valentin,{0},26.330047607421875,6.6490559577941895,tour-de-france,2020
GIBBONS Ryan,{1},-38.30539321899414,-1.189371109008789,tour-de-france,2020
EG Niklas,{0},14.272537231445312,18.314971923828125,tour-de-france,2020
TEJADA Harold,{0},32.64543533325195,15.623272895812988,tour-de-france,2020
AMADOR Andrey,{0},-13.240249633789062,6.38320255279541,tour-de-france,2020
ROWE Luke,{1},-36.30868148803711,9.8751802444458,tour-de-france,2020
ARNDT Nikias,{1},-35.844696044921875,1.0348544120788574,tour-de-france,2020
DEVENYNS Dries,{0},-16.322132110595703,-17.251243591308594,tour-de-france,2020
MARTIN Dan,{0},12.72367000579834,5.4664411544799805,tour-de-france,2020
OSS Daniel,{0},-15.722896575927734,-21.01763343811035,tour-de-france,2020
CHEVALIER Maxime,{1},-40.84593963623047,-3.766801595687866,tour-de-france,2020
GAUTIER Cyril,{0},-16.1472225189209,-15.597391128540039,tour-de-france,2020
QUINTANA Dayer,{0},-23.6654109954834,-18.022747039794922,tour-de-france,2020
JUNGELS Bob,{0},29.39029884338379,14.462485313415527,tour-de-france,2020
PACHER Quentin,{0},-9.865463256835938,8.06173324584961,tour-de-france,2020
GROßSCHARTNER Felix,{0},5.141836643218994,8.254014015197754,tour-de-france,2020
KÄMNA Lennard,{0},12.167396545410156,22.061861038208008,tour-de-france,2020
LADAGNOUS Matthieu,{0},-2.5818653106689453,-9.453363418579102,tour-de-france,2020
GESCHKE Simon,{0},29.587854385375977,23.39044761657715,tour-de-france,2020
NIV Guy,{0},-26.148418426513672,-9.125515937805176,tour-de-france,2020
HERMANS Ben,{0},16.060829162597656,29.50574493408203,tour-de-france,2020
CARAPAZ Richard,{2},42.279151916503906,-13.844582557678223,tour-de-france,2020
ANACONA Winner,{0},13.122208595275879,27.14449119567871,tour-de-france,2020
NEILANDS Krists,{0},-19.542110443115234,-16.640159606933594,tour-de-france,2020
MARTIN Guillaume,{2},43.32712173461914,-10.14045238494873,tour-de-france,2020
REICHENBACH Sébastien,{0},24.616561889648438,22.774080276489258,tour-de-france,2020
MARCATO Marco,{0},-1.3986393213272095,-7.891091346740723,tour-de-france,2020
POLITT Nils,{0},-17.845151901245117,-22.55547523498535,tour-de-france,2020
DE GENDT Thomas,{0},13.082087516784668,-1.7543890476226807,tour-de-france,2020
LEDANOIS Kévin,{0},-2.373011350631714,-11.507124900817871,tour-de-france,2020
HERRADA Jesús,{0},20.682037353515625,13.723228454589844,tour-de-france,2020
PETERS Nans,{0},-3.0502874851226807,15.575424194335938,tour-de-france,2020
KLUGE Roger,{1},-48.477787017822266,6.052082061767578,tour-de-france,2020
PÉRICHON Pierre-Luc,{0},-5.376283645629883,-3.9420924186706543,tour-de-france,2020
VAN AVERMAET Greg,{0},11.364524841308594,10.273580551147461,tour-de-france,2020
IMPEY Daryl,{0},-11.575409889221191,-1.3667466640472412,tour-de-france,2020
KRAGH ANDERSEN Søren,{0},-6.052941799163818,9.768021583557129,tour-de-france,2020
DECLERCQ Tim,{1},-28.13613510131836,-6.685232639312744,tour-de-france,2020
ALAPHILIPPE Julian,{0},11.878018379211426,23.389781951904297,tour-de-france,2020
CAVAGNA Rémi,{1},-45.42790222167969,-3.675908088684082,tour-de-france,2020
PEDERSEN Casper,{0},-13.219827651977539,2.625152111053467,tour-de-france,2020
BENOOT Tiesj,{0},-10.915599822998047,5.049664497375488,tour-de-france,2020
SICARD Romain,{0},21.122547149658203,22.60310935974121,tour-de-france,2020
FRISON Frederik,{1},-47.75651168823242,6.709353923797607,tour-de-france,2020
GRELLIER Fabien,{1},-32.61833190917969,4.664434909820557,tour-de-france,2020
EDET Nicolas,{0},14.444034576416016,19.290271759033203,tour-de-france,2020
SIVAKOV Pavel,{1},-33.56193161010742,-10.452597618103027,tour-de-france,2020
DE LA CRUZ David,{1},-36.11912536621094,-7.431202411651611,tour-de-france,2020
SOLER Marc,{0},15.978941917419434,19.961652755737305,tour-de-france,2020
HIRT Jan,{0},28.65374183654785,16.11904525756836,tour-de-france,2020
SCHACHMANN Maximilian,{0},19.361469268798828,25.065284729003906,tour-de-france,2020
MARTIN Tony,{1},-26.225265502929688,-1.7327609062194824,tour-de-france,2020
VAN GARDEREN Tejay,{0},-6.188327312469482,13.58232593536377,tour-de-france,2020
BUCHMANN Emanuel,{0},20.5516300201416,7.338037490844727,tour-de-france,2020
CARTHY Hugh,{0},19.720666885375977,5.263496398925781,tour-de-france,2020
SWIFT Connor,{0},-19.56549644470215,-22.30624771118164,tour-de-france,2020
COSNEFROY Benoît,{1},-27.71394157409668,-0.5730025172233582,tour-de-france,2020
HIRSCHI Marc,{0},-0.373334139585495,12.925788879394531,tour-de-france,2020
DE MARCHI Alessandro,{0},-7.118303298950195,14.04458236694336,tour-de-france,2020
KWIATKOWSKI Michał,{0},19.491117477416992,12.041205406188965,tour-de-france,2020
BURGAUDEAU Mathieu,{1},-43.73020935058594,-2.956427574157715,tour-de-france,2020
THEUNS Edward,{1},-29.050418853759766,-4.48169469833374,tour-de-france,2020
KREUZIGER Roman,{0},-22.379013061523438,-20.854902267456055,tour-de-france,2020
ROCHE Nicolas,{0},12.509669303894043,26.595102310180664,tour-de-france,2020
BENNETT George,{0},23.81908416748047,12.021350860595703,tour-de-france,2020
VALGREN Michael,{0},8.765785217285156,2.953639507293701,tour-de-france,2020
VAN AERT Wout,{0},0.41963523626327515,-27.652082443237305,tour-de-france,2021
PHILIPSEN Jasper,{1},3.0449044704437256,29.74472999572754,tour-de-france,2021
CAVENDISH Mark,{1},-10.605051040649414,33.65125274658203,tour-de-france,2021
MEZGEC Luka,{1},-6.853094577789307,18.737943649291992,tour-de-france,2021
GREIPEL André,{1},-8.695005416870117,20.354450225830078,tour-de-france,2021
VAN POPPEL Danny,{1},4.219432353973389,30.175569534301758,tour-de-france,2021
MATTHEWS Michael,{2},30.883007049560547,15.319682121276855,tour-de-france,2021
ARANBURU Alex,{2},29.88156509399414,16.1204776763916,tour-de-france,2021
BARTHE Cyril,{1},2.6448686122894287,15.907951354980469,tour-de-france,2021
WALSCHEID Max,{3},-20.389968872070312,17.28160285949707,tour-de-france,2021
OSS Daniel,{1},5.227709770202637,32.22731018066406,tour-de-france,2021
GARCÍA CORTINA Iván,{1},-0.5199652910232544,10.67464828491211,tour-de-france,2021
COLBRELLI Sonny,{2},27.824655532836914,5.741148471832275,tour-de-france,2021
DILLIER Silvan,{3},-26.70114517211914,5.492955684661865,tour-de-france,2021
CORT Magnus,{2},17.513362884521484,-10.174215316772461,tour-de-france,2021
PÖSTLBERGER Lukas,{1},4.419128894805908,28.536334991455078,tour-de-france,2021
PEREZ Anthony,{1},14.727109909057617,15.647941589355469,tour-de-france,2021
PEDERSEN Mads,{1},1.6372175216674805,35.26491165161133,tour-de-france,2021
SWIFT Connor,{1},-6.133381366729736,18.11376190185547,tour-de-france,2021
ARCAS Jorge,{2},17.505542755126953,1.3108437061309814,tour-de-france,2021
BOL Cees,{1},-12.558944702148438,35.426353454589844,tour-de-france,2021
TEUNISSEN Mike,{3},-27.249893188476562,8.17740249633789,tour-de-france,2021
ZABEL Rick,{1},-13.978119850158691,27.053030014038086,tour-de-france,2021
SIMON Julien,{1},-3.759852647781372,29.48678207397461,tour-de-france,2021
EEKHOFF Nils,{1},-6.692568778991699,29.006877899169922,tour-de-france,2021
GESBERT Élie,{3},-24.443675994873047,7.352587699890137,tour-de-france,2021
SCHÄR Michael,{2},17.721134185791016,-11.943142890930176,tour-de-france,2021
SBARAGLI Kristian,{1},7.719196796417236,14.44307804107666,tour-de-france,2021
BOIVIN Guillaume,{1},-6.758681297302246,26.20162582397461,tour-de-france,2021
GODON Dorian,{2},10.48716926574707,-6.598260879516602,tour-de-france,2021
POLITT Nils,{3},-22.969694137573242,4.701226711273193,tour-de-france,2021
O'CONNOR Ben,{0},6.176125526428223,-48.443031311035156,tour-de-france,2021
KELDERMAN Wilco,{0},2.719558000564575,-47.60105514526367,tour-de-france,2021
VAN BAARLE Dylan,{2},13.997896194458008,-8.356441497802734,tour-de-france,2021
MADOUAS Valentin,{2},23.211162567138672,-1.554753303527832,tour-de-france,2021
KUSS Sepp,{2},18.58607292175293,-18.45363426208496,tour-de-france,2021
LAPORTE Christophe,{3},-21.244401931762695,18.373981475830078,tour-de-france,2021
HALLER Marco,{1},5.0114054679870605,33.708553314208984,tour-de-france,2021
STUYVEN Jasper,{3},-23.648109436035156,1.6641144752502441,tour-de-france,2021
BAKELANTS Jan,{2},27.1270694732666,10.049681663513184,tour-de-france,2021
RICKAERT Jonas,{1},1.9842355251312256,16.68126106262207,tour-de-france,2021
MØRKØV Michael,{1},-11.4125394821167,34.090999603271484,tour-de-france,2021
WRIGHT Fred,{2},32.776424407958984,15.463462829589844,tour-de-france,2021
LUTSENKO Alexey,{0},3.3139872550964355,-45.79414749145508,tour-de-france,2021
BERNARD Julien,{0},-6.183651924133301,-17.939760208129883,tour-de-france,2021
KÜNG Stefan,{3},-9.631658554077148,10.393550872802734,tour-de-france,2021
ERVITI Imanol,{3},-10.47512149810791,12.106714248657227,tour-de-france,2021
MARTIN Guillaume,{0},-1.0592010021209717,-44.53129959106445,tour-de-france,2021
MEINTJES Louis,{0},-0.470671683549881,-33.677494049072266,tour-de-france,2021
VAN AVERMAET Greg,{1},4.620476245880127,14.658198356628418,tour-de-france,2021
GILBERT Philippe,{1},0.5119683146476746,10.651910781860352,tour-de-france,2021
VALVERDE Alejandro,{2},12.468762397766113,-27.172977447509766,tour-de-france,2021
VAN POPPEL Boy,{1},-7.503086566925049,27.384756088256836,tour-de-france,2021
RODRÍGUEZ Cristián,{2},14.129443168640137,-17.38965606689453,tour-de-france,2021
WALLAYS Jelle,{1},-9.300119400024414,26.88210105895996,tour-de-france,2021
MAS Enric,{0},4.130864143371582,-47.249366760253906,tour-de-france,2021
ARMIRAIL Bruno,{1},-0.4031882584095001,-2.0424039363861084,tour-de-france,2021
DE LA PARTE Víctor,{2},12.33600902557373,2.9192798137664795,tour-de-france,2021
SKUJIŅŠ Toms,{2},27.283512115478516,11.09848690032959,tour-de-france,2021
BJERG Mikkel,{1},12.323399543762207,15.374513626098633,tour-de-france,2021
MCNULTY Brandon,{1},6.492365837097168,-0.5033496022224426,tour-de-france,2021
GUERREIRO Ruben,{0},-1.3058083057403564,-35.722373962402344,tour-de-france,2021
BISSEGGER Stefan,{1},-3.1968274116516113,17.783109664916992,tour-de-france,2021
RUTSCH Jonas,{3},-27.29131317138672,4.310635566711426,tour-de-france,2021
LAENGEN Vegard Stake,{1},8.684369087219238,15.21977710723877,tour-de-france,2021
PARET-PEINTRE Aurélien,{0},-6.015161514282227,-34.09097671508789,tour-de-france,2021
CHAVES Esteban,{0},0.13390547037124634,-32.9495849609375,tour-de-france,2021
HIRSCHI Marc,{1},7.865809917449951,0.8505254983901978,tour-de-france,2021
FORMOLO Davide,{1},2.177884340286255,-3.4689786434173584,tour-de-france,2021
MAJKA Rafał,{2},13.140347480773926,-24.391427993774414,tour-de-france,2021
QUINTANA Nairo,{0},-9.772786140441895,-35.41377639770508,tour-de-france,2021
POGAČAR Tadej,{0},2.4103987216949463,-51.4072151184082,tour-de-france,2021
COSTA Rui,{2},19.862703323364258,1.6793098449707031,tour-de-france,2021
LATOUR Pierre,{2},13.863304138183594,-10.092535018920898,tour-de-france,2021
BILBAO Pello,{0},1.6267403364181519,-46.20673751831055,tour-de-france,2021
ROTA Lorenzo,{2},26.257495880126953,5.560661315917969,tour-de-france,2021
HOLLENSTEIN Reto,{1},-15.240793228149414,29.056119918823242,tour-de-france,2021
CASTROVIEJO Jonathan,{0},-5.131382465362549,-34.826446533203125,tour-de-france,2021
BALLERINI Davide,{3},-22.70519256591797,19.596837997436523,tour-de-france,2021
BENNETT Sean,{1},6.789148807525635,27.874670028686523,tour-de-france,2021
POWLESS Neilson,{2},19.036014556884766,-14.12961196899414,tour-de-france,2021
GAUTIER Cyril,{1},13.567018508911133,11.792012214660645,tour-de-france,2021
BONNAMOUR Franck,{0},-12.417704582214355,-36.967445373535156,tour-de-france,2021
BARBERO Carlos,{1},0.7691429853439331,30.403362274169922,tour-de-france,2021
IZAGIRRE Ion,{0},-11.396708488464355,-34.56730651855469,tour-de-france,2021
CHEVALIER Maxime,{2},13.756988525390625,1.7191226482391357,tour-de-france,2021
MEURISSE Xandro,{2},13.699936866760254,-21.015214920043945,tour-de-france,2021
CARAPAZ Richard,{0},3.019759178161621,-49.10186767578125,tour-de-france,2021
GOLDSTEIN Omer,{1},3.9042251110076904,34.526676177978516,tour-de-france,2021
FROOME Chris,{1},-15.293201446533203,27.740642547607422,tour-de-france,2021
TEUNS Dylan,{0},-8.170804977416992,-33.57643127441406,tour-de-france,2021
URÁN Rigoberto,{0},4.28310489654541,-43.842430114746094,tour-de-france,2021
KONRAD Patrick,{2},25.239103317260742,-0.5227363705635071,tour-de-france,2021
FERNÁNDEZ Rubén,{2},14.172163963317871,-1.4759207963943481,tour-de-france,2021
GRUZDEV Dmitriy,{1},9.413783073425293,11.281354904174805,tour-de-france,2021
ROLLAND Pierre,{2},22.23598289489746,-0.2306215465068817,tour-de-france,2021
VINGEGAARD Jonas,{0},1.624821424484253,-49.76445007324219,tour-de-france,2021
HENAO Sergio,{0},-4.855405330657959,-29.595558166503906,tour-de-france,2021
NAESEN Oliver,{1},12.382339477539062,7.653780937194824,tour-de-france,2021
GAUDU David,{0},-8.93808364868164,-32.17136001586914,tour-de-france,2021
GEOGHEGAN HART Tao,{1},5.5386061668396,-1.4938925504684448,tour-de-france,2021
NIEUWENHUIS Joris,{1},-2.8131556510925293,30.442121505737305,tour-de-france,2021
DURBRIDGE Luke,{1},12.77253246307373,14.047701835632324,tour-de-france,2021
PEDERSEN Casper,{3},-22.0876522064209,14.463383674621582,tour-de-france,2021
MOLLEMA Bauke,{0},0.8939632177352905,-30.680538177490234,tour-de-france,2021
ASGREEN Kasper,{1},2.039033889770508,9.916594505310059,tour-de-france,2021
THEUNS Edward,{3},-20.844026565551758,14.802002906799316,tour-de-france,2021
POELS Wout,{0},-5.364738464355469,-31.61115264892578,tour-de-france,2021
DE GENDT Thomas,{2},12.359597206115723,-2.6278486251831055,tour-de-france,2021
PACHER Quentin,{2},11.64930248260498,-18.87335205078125,tour-de-france,2021
MOHORIČ Matej,{0},-7.2536821365356445,-17.972890853881836,tour-de-france,2021
PÉRICHON Pierre-Luc,{2},29.51801300048828,17.767831802368164,tour-de-france,2021
FRAILE Omar,{1},4.160884380340576,-2.5195975303649902,tour-de-france,2021
PORTE Richie,{2},9.880149841308594,-11.2893705368042,tour-de-france,2021
THOMAS Geraint,{2},22.71475601196289,-4.114215850830078,tour-de-france,2021
KWIATKOWSKI Michał,{2},13.997846603393555,-15.478863716125488,tour-de-france,2021
BUCHMANN Emanuel,{2},13.319419860839844,-19.270137786865234,tour-de-france,2021
MARTIN Dan,{2},19.221088409423828,-15.469598770141602,tour-de-france,2021
HERRADA Jesús,{2},14.756913185119629,-3.8967554569244385,tour-de-france,2021
GESCHKE Simon,{2},12.714293479919434,-8.799206733703613,tour-de-france,2021
COSNEFROY Benoît,{2},20.230911254882812,3.8544974327087402,tour-de-france,2021
ZIMMERMANN Georg,{3},-26.23792266845703,8.927026748657227,tour-de-france,2021
CATTANEO Mattia,{0},-2.099982261657715,-44.035545349121094,tour-de-france,2021
DEVENYNS Dries,{1},-7.559731483459473,32.31501388549805,tour-de-france,2021
JUUL-JENSEN Christopher,{1},-3.372804880142212,0.07418334484100342,tour-de-france,2021
DOUBEY Fabien,{2},32.97675323486328,14.456494331359863,tour-de-france,2021
SWEENY Harry,{1},-10.173088073730469,13.046677589416504,tour-de-france,2021
CLARKE Simon,{3},-19.09817886352539,18.798355102539062,tour-de-france,2021
VERONA Carlos,{2},14.727675437927246,-0.37850064039230347,tour-de-france,2021
CABOT Jérémy,{1},6.458923816680908,30.535688400268555,tour-de-france,2021
VAN MOER Brent,{3},-13.627553939819336,12.544598579406738,tour-de-france,2021
DONOVAN Mark,{0},-0.04965095967054367,-22.748577117919922,tour-de-france,2021
SCHELLING Ide,{1},-2.5035858154296875,-0.6645521521568298,tour-de-france,2021
VAKOČ Petr,{1},10.34472942352295,14.493367195129395,tour-de-france,2021
ALAPHILIPPE Julian,{0},-1.0056710243225098,-22.156085968017578,tour-de-france,2021
VALGREN Michael,{3},-24.65103530883789,5.705041885375977,tour-de-france,2021
HIGUITA Sergio,{2},12.828752517700195,-25.778579711914062,tour-de-france,2021
DECLERCQ Tim,{1},-6.829532623291016,33.98536682128906,tour-de-france,2021
HOULE Hugo,{2},17.318443298339844,-8.667619705200195,tour-de-france,2021
ELISSONDE Kenny,{0},0.39406946301460266,-24.271663665771484,tour-de-france,2021
TURGIS Anthony,{3},-21.98482322692871,9.573602676391602,tour-de-france,2021
ACKERMANN Pascal,{2},5.588083744049072,14.507223129272461,vuelta-a-espana,2020
BENNETT Sam,{2},-8.190733909606934,39.11825180053711,vuelta-a-espana,2020
KANTER Max,{2},-11.584750175476074,25.191572189331055,vuelta-a-espana,2020
PHILIPSEN Jasper,{2},1.8348685503005981,8.938436508178711,vuelta-a-espana,2020
SÜTTERLIN Jasha,{1},-13.7837553024292,-11.056747436523438,vuelta-a-espana,2020
MORIN Emmanuel,{2},-8.053239822387695,25.834333419799805,vuelta-a-espana,2020
JANSE VAN RENSBURG Reinardt,{2},9.346769332885742,19.348155975341797,vuelta-a-espana,2020
MANZIN Lorrenzo,{2},-7.965970039367676,37.28950500488281,vuelta-a-espana,2020
STANNARD Robert,{2},-15.565714836120605,17.4637508392334,vuelta-a-espana,2020
ABERASTURI Jon,{2},5.284322261810303,22.601797103881836,vuelta-a-espana,2020
RÄIM Mihkel,{2},-2.005722761154175,44.212406158447266,vuelta-a-espana,2020
LIEPIŅŠ Emīls,{2},-5.175308704376221,33.708702087402344,vuelta-a-espana,2020
WRIGHT Fred,{2},-0.7935363054275513,14.961695671081543,vuelta-a-espana,2020
VAN DER SANDE Tosh,{2},-4.245216369628906,13.501819610595703,vuelta-a-espana,2020
ROJAS José Joaquín,{1},-2.409499168395996,-27.48379898071289,vuelta-a-espana,2020
OLIVEIRA Ivo,{2},9.612666130065918,18.04761505126953,vuelta-a-espana,2020
ŠTYBAR Zdeněk,{2},-10.018593788146973,24.976173400878906,vuelta-a-espana,2020
OLIVEIRA Rui,{2},8.103019714355469,19.34488868713379,vuelta-a-espana,2020
WIŚNIOWSKI Łukasz,{2},-12.72557258605957,31.932212829589844,vuelta-a-espana,2020
CORT Magnus,{1},-10.162837982177734,-7.1550211906433105,vuelta-a-espana,2020
ROUX Anthony,{1},-10.282971382141113,-3.355616807937622,vuelta-a-espana,2020
VINGEGAARD Jonas,{1},-5.417200088500977,-25.44625473022461,vuelta-a-espana,2020
SIMON Julien,{2},-3.1849772930145264,2.9784231185913086,vuelta-a-espana,2020
PALUTA Michał,{2},-16.697906494140625,36.996826171875,vuelta-a-espana,2020
POELS Wout,{4},36.53460693359375,-24.1794376373291,vuelta-a-espana,2020
BOL Jetse,{2},9.699978828430176,8.934907913208008,vuelta-a-espana,2020
MOLENAAR Alex,{2},-3.2762041091918945,32.52742004394531,vuelta-a-espana,2020
VALVERDE Alejandro,{4},31.354036331176758,-24.9857120513916,vuelta-a-espana,2020
VLASOV Aleksandr,{4},37.56044387817383,-25.602584838867188,vuelta-a-espana,2020
EZQUERRA Jesús,{2},8.655609130859375,10.486396789550781,vuelta-a-espana,2020
GROßSCHARTNER Felix,{4},32.555335998535156,-25.010299682617188,vuelta-a-espana,2020
CARAPAZ Richard,{4},38.30427932739258,-20.40445327758789,vuelta-a-espana,2020
HOFSTEDE Lennard,{1},-13.682146072387695,-12.703722953796387,vuelta-a-espana,2020
GODON Dorian,{1},-16.874666213989258,-16.33818817138672,vuelta-a-espana,2020
MARTIN Guillaume,{4},30.049882888793945,-28.79758071899414,vuelta-a-espana,2020
GAUDU David,{4},32.92813491821289,-29.69840431213379,vuelta-a-espana,2020
BAGÜES Aritz,{2},-1.4979413747787476,16.47462272644043,vuelta-a-espana,2020
MAS Enric,{4},36.85993576049805,-21.114761352539062,vuelta-a-espana,2020
ROGLIČ Primož,{4},39.57750701904297,-21.563819885253906,vuelta-a-espana,2020
BENNETT George,{4},30.425437927246094,-22.558181762695312,vuelta-a-espana,2020
KUSS Sepp,{4},31.38827896118164,-20.623809814453125,vuelta-a-espana,2020
IZAGIRRE Gorka,{4},26.412202835083008,-27.000911712646484,vuelta-a-espana,2020
SCHWARZMANN Michael,{2},4.215847492218018,19.598705291748047,vuelta-a-espana,2020
ARMIRAIL Bruno,{1},-1.7524704933166504,-30.998409271240234,vuelta-a-espana,2020
DE LA CRUZ David,{4},32.705543518066406,-28.727964401245117,vuelta-a-espana,2020
OSORIO Juan Felipe,{2},10.757869720458984,21.03212547302246,vuelta-a-espana,2020
ERVITI Imanol,{1},-2.4140055179595947,-24.718250274658203,vuelta-a-espana,2020
GOLDSTEIN Omer,{2},-13.058290481567383,24.793474197387695,vuelta-a-espana,2020
NIEVE Mikel,{4},29.2720947265625,-22.794578552246094,vuelta-a-espana,2020
MADRAZO Ángel,{1},-3.1413726806640625,-23.459609985351562,vuelta-a-espana,2020
SMIT Willie,{2},-0.3244881331920624,1.2613639831542969,vuelta-a-espana,2020
CHAMPOUSSIN Clément,{1},-11.18968677520752,-26.005090713500977,vuelta-a-espana,2020
MATÉ Luis Ángel,{1},7.505530834197998,-33.67436218261719,vuelta-a-espana,2020
DEWULF Stan,{2},7.485950469970703,-6.0935163497924805,vuelta-a-espana,2020
HOLLENSTEIN Reto,{2},-0.11930503696203232,2.35158371925354,vuelta-a-espana,2020
MARTIN Dan,{4},37.723045349121094,-22.220115661621094,vuelta-a-espana,2020
HENAO Sergio,{4},29.637041091918945,-26.232648849487305,vuelta-a-espana,2020
PETERS Nans,{1},-2.132875680923462,-40.432315826416016,vuelta-a-espana,2020
GESINK Robert,{1},5.944664478302002,-25.665559768676758,vuelta-a-espana,2020
CHAVES Esteban,{1},1.013450026512146,-31.8691463470459,vuelta-a-espana,2020
BARBERO Carlos,{2},-16.88810157775879,38.6118049621582,vuelta-a-espana,2020
MÄDER Gino,{4},22.62568473815918,-28.18194580078125,vuelta-a-espana,2020
OLIVEIRA Nelson,{1},-3.3512208461761475,-26.082355499267578,vuelta-a-espana,2020
MERTZ Rémy,{2},-15.457075119018555,31.94914436340332,vuelta-a-espana,2020
GOOSSENS Kobe,{1},-0.18394631147384644,-29.870473861694336,vuelta-a-espana,2020
EG Niklas,{2},-15.558661460876465,16.233219146728516,vuelta-a-espana,2020
LAAS Martin,{2},-0.8936649560928345,43.11768341064453,vuelta-a-espana,2020
KUDUS Merhawi,{1},-1.945305585861206,-18.18132972717285,vuelta-a-espana,2020
SOLER Marc,{4},24.737958908081055,-28.946773529052734,vuelta-a-espana,2020
GARCÍA Jhojan,{2},-4.852550983428955,2.347590208053589,vuelta-a-espana,2020
AMADOR Andrey,{1},-5.431474208831787,-13.694939613342285,vuelta-a-espana,2020
VILELA Ricardo,{2},6.357780456542969,9.834675788879395,vuelta-a-espana,2020
VAN MOER Brent,{2},-16.906352996826172,23.999052047729492,vuelta-a-espana,2020
DELAGE Mickaël,{2},1.2163139581680298,43.74443054199219,vuelta-a-espana,2020
LASTRA Jonathan,{1},0.6341714262962341,-18.468093872070312,vuelta-a-espana,2020
AMEZQUETA Julen,{1},-11.163966178894043,-23.55338478088379,vuelta-a-espana,2020
ARCAS Jorge,{1},-10.372247695922852,-5.873751163482666,vuelta-a-espana,2020
SCHULTZ Nick,{1},7.962202548980713,-36.832542419433594,vuelta-a-espana,2020
BUITRAGO Santiago,{1},-4.89594841003418,-14.394547462463379,vuelta-a-espana,2020
VAN BAARLE Dylan,{1},-1.303666353225708,-20.947099685668945,vuelta-a-espana,2020
MØRKØV Michael,{2},5.154504299163818,23.582326889038086,vuelta-a-espana,2020
VAN GARDEREN Tejay,{2},-16.14011001586914,33.967254638671875,vuelta-a-espana,2020
CARTHY Hugh,{4},39.54661560058594,-19.998188018798828,vuelta-a-espana,2020
LE GAC Olivier,{1},-15.01508617401123,-9.137015342712402,vuelta-a-espana,2020
SMITH Dion,{1},-15.581982612609863,-7.5995402336120605,vuelta-a-espana,2020
PÉRICHON Pierre-Luc,{2},-15.951404571533203,23.957496643066406,vuelta-a-espana,2020
ZIMMERMANN Georg,{1},6.4063520431518555,-33.53450393676758,vuelta-a-espana,2020
DAVIES Scott,{2},-14.742036819458008,27.69692611694336,vuelta-a-espana,2020
OURSELIN Paul,{2},2.0820541381835938,4.83026123046875,vuelta-a-espana,2020
CATTANEO Mattia,{4},25.267732620239258,-27.128862380981445,vuelta-a-espana,2020
SERRANO Gonzalo,{1},-16.94602394104004,-17.735401153564453,vuelta-a-espana,2020
CEPEDA Jefferson Alveiro,{2},4.959897994995117,25.841182708740234,vuelta-a-espana,2020
GRMAY Tsgabu,{1},-3.918755292892456,-4.8445940017700195,vuelta-a-espana,2020
FERRON Valentin,{2},0.8250441551208496,14.264727592468262,vuelta-a-espana,2020
SICARD Romain,{1},-4.352589130401611,-28.39811134338379,vuelta-a-espana,2020
HIVERT Jonathan,{2},-22.854537963867188,17.001489639282227,vuelta-a-espana,2020
BADILATTI Matteo,{2},-19.126314163208008,25.328577041625977,vuelta-a-espana,2020
CABEDO Óscar,{1},-16.86843490600586,-12.660907745361328,vuelta-a-espana,2020
SOSA Iván Ramiro,{2},-4.702333450317383,8.017913818359375,vuelta-a-espana,2020
EDMONDSON Alex,{2},-19.69353485107422,34.51823425292969,vuelta-a-espana,2020
HERRADA José,{1},0.9116199612617493,-29.676105499267578,vuelta-a-espana,2020
VERONA Carlos,{1},4.5820112228393555,-30.309707641601562,vuelta-a-espana,2020
WURF Cameron,{2},4.1150312423706055,9.302327156066895,vuelta-a-espana,2020
FROOME Chris,{2},-19.71390151977539,21.1340389251709,vuelta-a-espana,2020
LÓPEZ Juan Pedro,{1},-11.413980484008789,-22.6907901763916,vuelta-a-espana,2020
FRAILE Omar,{1},-3.9774062633514404,-3.5863547325134277,vuelta-a-espana,2020
BARTA Will,{1},6.317270278930664,-35.82906723022461,vuelta-a-espana,2020
ARENSMAN Thymen,{1},-4.030180931091309,-40.243377685546875,vuelta-a-espana,2020
RIES Michel,{1},-0.7850033044815063,-19.12948226928711,vuelta-a-espana,2020
VAN DEN BERG Julius,{2},3.080031633377075,18.05573272705078,vuelta-a-espana,2020
SCOTSON Callum,{2},7.945715427398682,-5.414215087890625,vuelta-a-espana,2020
SCHILLINGER Andreas,{2},9.216050148010254,12.305463790893555,vuelta-a-espana,2020
DE KORT Koen,{2},-3.406597375869751,9.240808486938477,vuelta-a-espana,2020
INKELAAR Kevin,{2},-2.124115467071533,41.868019104003906,vuelta-a-espana,2020
DE BOD Stefan,{2},-19.210371017456055,28.178485870361328,vuelta-a-espana,2020
DYBALL Benjamin,{2},-9.21407413482666,33.17555236816406,vuelta-a-espana,2020
LAFAY Victor,{2},-21.18575096130371,19.8348331451416,vuelta-a-espana,2020
VALGREN Michael,{1},5.232032299041748,-37.6309928894043,vuelta-a-espana,2020
WELLENS Tim,{2},-15.827030181884766,20.256214141845703,vuelta-a-espana,2020
MARCZYŃSKI Tomasz,{2},4.8220624923706055,10.357261657714844,vuelta-a-espana,2020
GASPAROTTO Enrico,{2},-5.9464569091796875,34.472171783447266,vuelta-a-espana,2020
DONOVAN Mark,{1},6.986246109008789,-39.27799987792969,vuelta-a-espana,2020
ARANBURU Alex,{2},-6.444644927978516,0.8310239911079407,vuelta-a-espana,2020
RIABUSHENKO Alexandr,{2},-7.367559909820557,1.031838059425354,vuelta-a-espana,2020
HIRT Jan,{1},5.393233299255371,-24.531457901000977,vuelta-a-espana,2020
WOODS Michael,{1},7.4023637771606445,-26.47183609008789,vuelta-a-espana,2020
OWEN Logan,{2},-1.9118881225585938,13.401812553405762,vuelta-a-espana,2020
MARTENS Paul,{2},-12.100473403930664,29.89210319519043,vuelta-a-espana,2020
DOCKER Mitchell,{2},-11.591619491577148,32.98866271972656,vuelta-a-espana,2020
IZAGIRRE Ion,{1},9.531596183776855,-34.23244094848633,vuelta-a-espana,2020
GRUZDEV Dmitriy,{2},-2.512312173843384,12.458361625671387,vuelta-a-espana,2020
STORER Michael,{1},-0.30340760946273804,-41.63474655151367,vuelta-a-espana,2020
POWER Robert,{1},-1.3190441131591797,-40.1046028137207,vuelta-a-espana,2020
SCHELLING Ide,{1},-16.84119987487793,-18.921913146972656,vuelta-a-espana,2020
SELIG Rüdiger,{2},-0.3993798494338989,42.283241271972656,vuelta-a-espana,2020
COSTA Rui,{1},-3.2212328910827637,-6.77567195892334,vuelta-a-espana,2020
TERPSTRA Niki,{2},-10.231888771057129,35.003631591796875,vuelta-a-espana,2020
CAVAGNA Rémi,{1},-16.193214416503906,-6.452720642089844,vuelta-a-espana,2020
GARRISON Ian,{2},-17.004369735717773,31.20929527282715,vuelta-a-espana,2020
STEIMLE Jannik,{2},4.572285175323486,7.536220073699951,vuelta-a-espana,2020
SUTHERLAND Rory,{2},-9.008651733398438,30.902414321899414,vuelta-a-espana,2020
PICCOLI James,{2},-16.66295051574707,35.00136184692383,vuelta-a-espana,2020
ROGLIČ Primož,{3},-41.62147903442383,-13.148181915283203,vuelta-a-espana,2021
CORT Magnus,{2},-7.723606586456299,16.357440948486328,vuelta-a-espana,2021
ARENSMAN Thymen,{1},16.051170349121094,7.0638556480407715,vuelta-a-espana,2021
ČERNÝ Josef,{2},-49.740970611572266,20.69868278503418,vuelta-a-espana,2021
HAGA Chad,{3},-15.025403022766113,-10.274762153625488,vuelta-a-espana,2021
BERNAL Egan,{1},40.184547424316406,6.834163188934326,vuelta-a-espana,2021
GROßSCHARTNER Felix,{1},37.143211364746094,6.587122440338135,vuelta-a-espana,2021
KRUIJSWIJK Steven,{1},41.16648864746094,5.434645175933838,vuelta-a-espana,2021
MAS Enric,{3},-40.479164123535156,-12.670354843139648,vuelta-a-espana,2021
IZAGIRRE Ion,{1},31.044118881225586,4.713554859161377,vuelta-a-espana,2021
DE LA CRUZ David,{1},39.5335807800293,6.249780178070068,vuelta-a-espana,2021
DENZ Nico,{3},-14.202279090881348,-16.835647583007812,vuelta-a-espana,2021
CRADDOCK Lawson,{1},-6.802245616912842,1.5586254596710205,vuelta-a-espana,2021
POLANC Jan,{2},-17.22167205810547,4.7202959060668945,vuelta-a-espana,2021
SCULLY Tom,{3},-15.395099639892578,-17.156131744384766,vuelta-a-espana,2021
CARUSO Damiano,{1},37.41242599487305,3.150770425796509,vuelta-a-espana,2021
HAIG Jack,{3},-40.18029022216797,-14.270227432250977,vuelta-a-espana,2021
AZPARREN Xabier Mikel,{3},-19.717670440673828,-8.749361991882324,vuelta-a-espana,2021
STORER Michael,{1},19.964628219604492,6.423967361450195,vuelta-a-espana,2021
BARDET Romain,{1},27.40835952758789,-0.891302227973938,vuelta-a-espana,2021
GENIETS Kevin,{3},9.748891830444336,-16.982105255126953,vuelta-a-espana,2021
ROUX Anthony,{1},11.200562477111816,-3.371429920196533,vuelta-a-espana,2021
TUSVELD Martijn,{1},22.421588897705078,5.7580461502075195,vuelta-a-espana,2021
OLIVEIRA Nelson,{1},-5.386645793914795,0.6316582560539246,vuelta-a-espana,2021
TAARAMÄE Rein,{1},6.888308525085449,4.7895731925964355,vuelta-a-espana,2021
MAJKA Rafał,{1},27.514873504638672,1.444449543952942,vuelta-a-espana,2021
CAMARGO Diego Andrés,{1},17.133996963500977,5.645218849182129,vuelta-a-espana,2021
ZWIEHOFF Ben,{1},24.708110809326172,6.742759704589844,vuelta-a-espana,2021
YATES Adam,{3},-39.19847869873047,-13.395281791687012,vuelta-a-espana,2021
POELS Wout,{3},3.6769771575927734,-9.335046768188477,vuelta-a-espana,2021
MÄDER Gino,{3},-39.25531005859375,-12.204229354858398,vuelta-a-espana,2021
SIVAKOV Pavel,{1},25.21689796447754,4.435222148895264,vuelta-a-espana,2021
VINE Jay,{3},9.870183944702148,-23.206945419311523,vuelta-a-espana,2021
TRATNIK Jan,{3},9.22640609741211,-18.731285095214844,vuelta-a-espana,2021
VERMEERSCH Florian,{2},-34.06355667114258,18.529504776000977,vuelta-a-espana,2021
MATTHEWS Michael,{3},-6.024210453033447,-19.34800148010254,vuelta-a-espana,2021
BIZKARRA Mikel,{1},30.893062591552734,-6.0515031814575195,vuelta-a-espana,2021
NATAROV Yuriy,{3},-12.882116317749023,-7.746398448944092,vuelta-a-espana,2021
HERRADA Jesús,{1},20.731306076049805,-6.919832229614258,vuelta-a-espana,2021
GIBBONS Ryan,{1},17.51544952392578,-1.3702201843261719,vuelta-a-espana,2021
VAN HOOYDONCK Nathan,{1},-0.5194105505943298,-1.455057978630066,vuelta-a-espana,2021
CRAS Steff,{1},27.98512840270996,0.6818899512290955,vuelta-a-espana,2021
KEUKELEIRE Jens,{1},5.091649532318115,3.2637836933135986,vuelta-a-espana,2021
IZAGIRRE Gorka,{1},26.791202545166016,12.561598777770996,vuelta-a-espana,2021
SOTO Antonio Jesús,{3},-4.373539924621582,-19.78760528564453,vuelta-a-espana,2021
BOUWMAN Koen,{1},29.644054412841797,9.439539909362793,vuelta-a-espana,2021
CLAEYS Dimitri,{1},-2.5715084075927734,2.5603692531585693,vuelta-a-espana,2021
BROWN Connor,{3},-20.18182945251465,-16.367555618286133,vuelta-a-espana,2021
ARU Fabio,{1},-16.48139762878418,4.390068531036377,vuelta-a-espana,2021
MARTIN Guillaume,{2},-16.467548370361328,16.061914443969727,vuelta-a-espana,2021
DAINESE Alberto,{3},-16.93595314025879,-19.367551803588867,vuelta-a-espana,2021
SUNDERLAND Dylan,{3},8.672613143920898,-19.55299186706543,vuelta-a-espana,2021
HAMILTON Lucas,{1},11.79343032836914,-5.098682403564453,vuelta-a-espana,2021
EIKING Odd Christian,{2},-16.52701759338379,16.7047119140625,vuelta-a-espana,2021
KIRSCH Alex,{3},-18.426504135131836,-15.384316444396973,vuelta-a-espana,2021
VAN GILS Maxim,{3},-8.938319206237793,-7.751051425933838,vuelta-a-espana,2021
HOWSON Damien,{2},-5.997554302215576,14.241617202758789,vuelta-a-espana,2021
TOUZÉ Damien,{1},-1.3582160472869873,-0.12315426021814346,vuelta-a-espana,2021
PUCCIO Salvatore,{1},0.24211527407169342,2.9723966121673584,vuelta-a-espana,2021
HERRADA José,{1},8.380511283874512,3.5168356895446777,vuelta-a-espana,2021
BAGIOLI Andrea,{2},-6.892525672912598,16.897090911865234,vuelta-a-espana,2021
STANNARD Robert,{3},-15.91098690032959,-15.590384483337402,vuelta-a-espana,2021
KRIEGER Alexander,{3},-16.845396041870117,-16.204601287841797,vuelta-a-espana,2021
SCHULTZ Nick,{1},13.832200050354004,-5.885054111480713,vuelta-a-espana,2021
PIDCOCK Thomas,{1},6.270181655883789,6.277677059173584,vuelta-a-espana,2021
VANHOUCKE Harm,{1},-9.727750778198242,-2.5271832942962646,vuelta-a-espana,2021
ROCHAS Rémy,{1},33.91471481323242,3.788816452026367,vuelta-a-espana,2021
OLIVEIRA Rui,{2},-5.047399997711182,10.373528480529785,vuelta-a-espana,2021
ŠTYBAR Zdeněk,{2},-43.165836334228516,17.14330291748047,vuelta-a-espana,2021
SÁNCHEZ Pelayo,{2},-5.739695072174072,8.383380889892578,vuelta-a-espana,2021
OOMEN Sam,{1},32.45529556274414,0.032301004976034164,vuelta-a-espana,2021
SÉNÉCHAL Florian,{3},-12.22282600402832,-22.934659957885742,vuelta-a-espana,2021
ITURRIA Mikel,{1},7.794837474822998,-5.1585469245910645,vuelta-a-espana,2021
MONIQUET Sylvain,{3},-1.2498550415039062,-19.608577728271484,vuelta-a-espana,2021
LE GAC Olivier,{2},-6.607768535614014,14.66995906829834,vuelta-a-espana,2021
LÓPEZ Juan Pedro,{1},38.11606979370117,5.129322052001953,vuelta-a-espana,2021
GESINK Robert,{1},9.111005783081055,3.123842716217041,vuelta-a-espana,2021
DOMBROWSKI Joe,{1},17.374248504638672,4.824720859527588,vuelta-a-espana,2021
BOUCHARD Geoffrey,{3},2.8663270473480225,-9.603947639465332,vuelta-a-espana,2021
PLANCKAERT Edward,{2},-37.84499740600586,17.37289047241211,vuelta-a-espana,2021
KUSS Sepp,{1},38.973995208740234,7.669163703918457,vuelta-a-espana,2021
LINDEMAN Bert-Jan,{2},-37.62214660644531,18.416461944580078,vuelta-a-espana,2021
MATÉ Luis Ángel,{1},31.554237365722656,-4.1879401206970215,vuelta-a-espana,2021
PALZER Anton,{2},-6.180504322052002,7.589192867279053,vuelta-a-espana,2021
BOL Jetse,{1},-3.555974006652832,-1.4404910802841187,vuelta-a-espana,2021
CHAMPOUSSIN Clément,{1},34.775630950927734,-3.0480709075927734,vuelta-a-espana,2021
BOU Joan,{3},-14.850767135620117,-6.467836380004883,vuelta-a-espana,2021
LUDVIGSSON Tobias,{3},-12.425086975097656,-10.523664474487305,vuelta-a-espana,2021
MARTÍN Gotzon,{1},25.92275047302246,12.988911628723145,vuelta-a-espana,2021
VANSEVENANT Mauri,{2},-31.223844528198242,20.00226593017578,vuelta-a-espana,2021
ZEITS Andrey,{3},8.794116973876953,-11.697202682495117,vuelta-a-espana,2021
HAMILTON Chris,{1},16.10775375366211,2.4979865550994873,vuelta-a-espana,2021
BENEDETTI Cesare,{2},-32.15324020385742,19.306270599365234,vuelta-a-espana,2021
KRON Andreas,{1},-10.07582950592041,-0.7280578017234802,vuelta-a-espana,2021
GAMPER Patrick,{2},-34.48536682128906,16.42668342590332,vuelta-a-espana,2021
DEWULF Stan,{3},-0.43174636363983154,-19.366943359375,vuelta-a-espana,2021
THWAITES Scott,{2},-40.798240661621094,22.11620330810547,vuelta-a-espana,2021
CANAL Carlos,{3},-7.591310501098633,-16.396326065063477,vuelta-a-espana,2021
VAN MELSEN Kévin,{3},-18.01692008972168,-11.089828491210938,vuelta-a-espana,2021
KNOX James,{3},-9.98609733581543,-9.434992790222168,vuelta-a-espana,2021
CABEDO Óscar,{1},33.08930206298828,-0.9236452579498291,vuelta-a-espana,2021
NIV Guy,{2},-33.771934509277344,14.886157989501953,vuelta-a-espana,2021
ERVITI Imanol,{1},0.185560941696167,0.7720950245857239,vuelta-a-espana,2021
DÉMARE Arnaud,{3},8.202154159545898,-20.868549346923828,vuelta-a-espana,2021
MEEUS Jordi,{2},-47.06356430053711,17.467805862426758,vuelta-a-espana,2021
CUADROS Álvaro,{1},9.981321334838867,-2.058551073074341,vuelta-a-espana,2021
VAN LERBERGHE Bert,{2},-45.50715637207031,18.137388229370117,vuelta-a-espana,2021
ALLEGAERT Piet,{3},-16.681184768676758,-18.19964027404785,vuelta-a-espana,2021
TRENTIN Matteo,{2},-3.432032346725464,11.379117965698242,vuelta-a-espana,2021
FINÉ Eddy,{1},-1.7042111158370972,1.054537296295166,vuelta-a-espana,2021
BARCELÓ Fernando,{1},-5.237393856048584,-2.3280646800994873,vuelta-a-espana,2021
BRAMBILLA Gianluca,{1},32.184993743896484,2.944122314453125,vuelta-a-espana,2021
PICCOLI James,{2},-18.870635986328125,5.5170979499816895,vuelta-a-espana,2021
DE TIER Floris,{1},20.25725746154785,-9.185376167297363,vuelta-a-espana,2021
CALMEJANE Lilian,{1},20.441659927368164,-7.655313491821289,vuelta-a-espana,2021
OKAMIKA Ander,{1},7.155115127563477,-4.07729959487915,vuelta-a-espana,2021
ROJAS José Joaquín,{1},10.760345458984375,-5.322386741638184,vuelta-a-espana,2021
KREDER Wesley,{3},-15.457019805908203,-11.859335899353027,vuelta-a-espana,2021
ARASHIRO Yukiya,{3},-9.033747673034668,-18.118112564086914,vuelta-a-espana,2021
BERWICK Sebastian,{2},-41.21202850341797,21.22127342224121,vuelta-a-espana,2021
SINKELDAM Ramon,{2},-41.39443588256836,18.070802688598633,vuelta-a-espana,2021
MEZGEC Luka,{3},-11.569275856018066,-22.700082778930664,vuelta-a-espana,2021
PETILLI Simone,{1},24.93970489501953,5.576235294342041,vuelta-a-espana,2021
NIEVE Mikel,{1},28.644243240356445,6.233913898468018,vuelta-a-espana,2021
HIRT Jan,{1},34.8094596862793,-0.4238443076610565,vuelta-a-espana,2021
VENTURINI Clément,{3},-7.957540035247803,-17.739824295043945,vuelta-a-espana,2021
AMEZQUETA Julen,{1},6.188180923461914,-8.20665454864502,vuelta-a-espana,2021
CHEREL Mikaël,{1},15.762247085571289,-0.906729519367218,vuelta-a-espana,2021
SIMMONS Quinn,{3},-18.665090560913086,-9.980326652526855,vuelta-a-espana,2021
NAVARRO Daniel,{1},32.17665481567383,-2.432945489883423,vuelta-a-espana,2021
MADRAZO Ángel,{3},10.893167495727539,-11.188426971435547,vuelta-a-espana,2021
PADUN Mark,{1},-4.9042840003967285,-4.097485542297363,vuelta-a-espana,2021
ABERASTURI Jon,{2},-42.5317497253418,19.200824737548828,vuelta-a-espana,2021
LAAS Martin,{2},-47.660545349121094,19.55243492126465,vuelta-a-espana,2021
MINALI Riccardo,{2},-46.48408126831055,19.87347984313965,vuelta-a-espana,2021
HOFSTEDE Lennard,{2},-35.65061950683594,18.724531173706055,vuelta-a-espana,2021
PRODHOMME Nicolas,{3},10.233725547790527,-13.168066024780273,vuelta-a-espana,2021
BAGÜES Aritz,{3},9.001886367797852,-21.90229034423828,vuelta-a-espana,2021
LOBATO Juan José,{2},-45.179847717285156,19.11549949645996,vuelta-a-espana,2021
JAKOBSEN Fabio,{2},-48.095558166503906,20.726245880126953,vuelta-a-espana,2021
CEPEDA Jefferson Alveiro,{1},24.630674362182617,13.343522071838379,vuelta-a-espana,2021
NIBALI Antonio,{3},-11.69227123260498,-10.016969680786133,vuelta-a-espana,2021
